model,MAE,RMSE,MAPE
XGBoost,22.842527389526367,33.38920974731445,4.000494003295898
LightGBM,22.840641097877377,33.22776530001501,3.8707120574872147
