model,MAE,RMSE,MAPE
LSTM_Simple_32units,58.20735168457031,79.38956559271502,9.879639
