model,MAE,RMSE,MAPE
Prophet_With_All_Holidays,682.7507983421889,848.0336138354692,473.91696220552814
